metric,mean,std
accuracy,0.9209576479303561,0.007827101768228492
precision,0.89095150695893,0.026014211731543137
recall,0.752135137637737,0.029318834334299604
f1_score,0.8152803023605342,0.019603991857387443
brier_score,0.060954570151361145,0.007289072066722878
roc_auc,0.9510741756714672,0.010678912888287411
pr_auc,0.9030762578447715,0.01818433183235912
log_loss,0.22035175816414476,0.031163093767634195
